<?xml version="1.0" encoding="utf-8"?>
<!-- android:oneshot：是否循环;true-不循环, false-循环 -->
<animation-list xmlns:android="http://schemas.android.com/apk/res/android"
    android:oneshot="false">
    <item android:drawable="@drawable/myclass_pic_downloading01" android:duration="150"></item>
    <item android:drawable="@drawable/myclass_pic_downloading02" android:duration="150"></item>
    <item android:drawable="@drawable/myclass_pic_downloading03" android:duration="150"></item>
    <item android:drawable="@drawable/myclass_pic_downloading04" android:duration="150"></item>
    <item android:drawable="@drawable/myclass_pic_downloading05" android:duration="150"></item>
    <item android:drawable="@drawable/myclass_pic_downloading06" android:duration="150"></item>
    <item android:drawable="@drawable/myclass_pic_downloading07" android:duration="150"></item>
</animation-list>